Date,Start_Time_ET,Visitor_Team
Tue Oct 22 2024,7:30p,New York Knicks
Tue Oct 22 2024,10:00p,Minnesota Timberwolves
Wed Oct 23 2024,7:00p,Indiana Pacers
Wed Oct 23 2024,7:30p,Brooklyn Nets
Wed Oct 23 2024,7:30p,Orlando Magic
Wed Oct 23 2024,7:30p,Milwaukee Bucks
Wed Oct 23 2024,7:30p,Cleveland Cavaliers
Wed Oct 23 2024,8:00p,Charlotte Hornets
Wed Oct 23 2024,8:00p,Chicago Bulls
Wed Oct 23 2024,9:00p,Memphis Grizzlies
Wed Oct 23 2024,10:00p,Phoenix Suns
Wed Oct 23 2024,10:00p,Golden State Warriors
Thu Oct 24 2024,7:00p,Boston Celtics
Thu Oct 24 2024,7:30p,San Antonio Spurs
Thu Oct 24 2024,10:00p,Minnesota Timberwolves
Thu Oct 24 2024,10:00p,Oklahoma City Thunder
Fri Oct 25 2024,7:00p,Brooklyn Nets
Fri Oct 25 2024,7:00p,Philadelphia 76ers
Fri Oct 25 2024,7:30p,Charlotte Hornets
Fri Oct 25 2024,7:30p,Detroit Pistons
Fri Oct 25 2024,7:30p,Indiana Pacers
Fri Oct 25 2024,8:00p,Memphis Grizzlies
Fri Oct 25 2024,8:00p,Chicago Bulls
Fri Oct 25 2024,9:30p,Golden State Warriors
Fri Oct 25 2024,10:00p,Phoenix Suns
Fri Oct 25 2024,10:00p,New Orleans Pelicans
Sat Oct 26 2024,5:00p,Los Angeles Clippers
Sat Oct 26 2024,7:00p,Cleveland Cavaliers
Sat Oct 26 2024,7:00p,Boston Celtics
Sat Oct 26 2024,7:00p,Miami Heat
Sat Oct 26 2024,8:00p,Orlando Magic
Sat Oct 26 2024,8:00p,Toronto Raptors
Sat Oct 26 2024,8:00p,Oklahoma City Thunder
Sat Oct 26 2024,8:30p,Houston Rockets
Sat Oct 26 2024,10:00p,Dallas Mavericks
Sat Oct 26 2024,10:30p,Sacramento Kings
Sun Oct 27 2024,3:30p,Philadelphia 76ers
Sun Oct 27 2024,6:00p,New Orleans Pelicans
Sun Oct 27 2024,6:00p,Milwaukee Bucks
Sun Oct 27 2024,7:00p,Atlanta Hawks
Sun Oct 27 2024,8:30p,Los Angeles Clippers
Mon Oct 28 2024,7:00p,Indiana Pacers
Mon Oct 28 2024,7:30p,Washington Wizards
Mon Oct 28 2024,7:30p,Milwaukee Bucks
Mon Oct 28 2024,7:30p,Denver Nuggets
Mon Oct 28 2024,7:30p,Detroit Pistons
Mon Oct 28 2024,7:30p,Cleveland Cavaliers
Mon Oct 28 2024,8:00p,Houston Rockets
Mon Oct 28 2024,8:00p,Chicago Bulls
Mon Oct 28 2024,8:30p,Utah Jazz
Mon Oct 28 2024,10:00p,Portland Trail Blazers
Mon Oct 28 2024,10:00p,Los Angeles Lakers
Tue Oct 29 2024,7:30p,Denver Nuggets
Tue Oct 29 2024,7:30p,Dallas Mavericks
Tue Oct 29 2024,9:00p,Sacramento Kings
Tue Oct 29 2024,10:00p,New Orleans Pelicans
Wed Oct 30 2024,7:00p,Detroit Pistons
Wed Oct 30 2024,7:00p,Atlanta Hawks
Wed Oct 30 2024,7:00p,Boston Celtics
Wed Oct 30 2024,7:00p,Los Angeles Lakers
Wed Oct 30 2024,7:00p,Toronto Raptors
Wed Oct 30 2024,7:30p,New York Knicks
Wed Oct 30 2024,8:00p,Orlando Magic
Wed Oct 30 2024,8:00p,Brooklyn Nets
Wed Oct 30 2024,9:30p,San Antonio Spurs
Wed Oct 30 2024,10:00p,New Orleans Pelicans
Wed Oct 30 2024,10:30p,Portland Trail Blazers
Thu Oct 31 2024,8:00p,Milwaukee Bucks
Thu Oct 31 2024,8:30p,Houston Rockets
Thu Oct 31 2024,9:00p,San Antonio Spurs
Thu Oct 31 2024,10:30p,Phoenix Suns
Fri Nov 1 2024,7:00p,Boston Celtics
Fri Nov 1 2024,7:00p,Orlando Magic
Fri Nov 1 2024,7:00p,New York Knicks
Fri Nov 1 2024,7:30p,Sacramento Kings
Fri Nov 1 2024,7:30p,Chicago Bulls
Fri Nov 1 2024,7:30p,Los Angeles Lakers
Fri Nov 1 2024,8:00p,Indiana Pacers
Fri Nov 1 2024,9:30p,Denver Nuggets
Fri Nov 1 2024,10:00p,Oklahoma City Thunder
Sat Nov 2 2024,6:00p,Boston Celtics
Sat Nov 2 2024,7:30p,Memphis Grizzlies
Sat Nov 2 2024,7:30p,Sacramento Kings
Sat Nov 2 2024,8:00p,Golden State Warriors
Sat Nov 2 2024,8:00p,Cleveland Cavaliers
Sat Nov 2 2024,8:00p,Minnesota Timberwolves
Sat Nov 2 2024,9:30p,Miami Heat
Sat Nov 2 2024,10:00p,Utah Jazz
Sat Nov 2 2024,10:00p,Portland Trail Blazers
Sat Nov 2 2024,10:30p,Oklahoma City Thunder
Sun Nov 3 2024,3:30p,Detroit Pistons
Sun Nov 3 2024,7:00p,Atlanta Hawks
Sun Nov 3 2024,7:30p,Orlando Magic
Mon Nov 4 2024,7:00p,Milwaukee Bucks
Mon Nov 4 2024,7:15p,Golden State Warriors
Mon Nov 4 2024,7:30p,Los Angeles Lakers
Mon Nov 4 2024,7:45p,Boston Celtics
Mon Nov 4 2024,8:00p,Memphis Grizzlies
Mon Nov 4 2024,8:15p,Sacramento Kings
Mon Nov 4 2024,8:30p,Utah Jazz
Mon Nov 4 2024,8:45p,New York Knicks
Mon Nov 4 2024,9:00p,Charlotte Hornets
Mon Nov 4 2024,9:15p,Orlando Magic
Mon Nov 4 2024,9:30p,Portland Trail Blazers
Mon Nov 4 2024,9:45p,Indiana Pacers
Mon Nov 4 2024,10:00p,Toronto Raptors
Mon Nov 4 2024,10:15p,Philadelphia 76ers
Mon Nov 4 2024,10:30p,San Antonio Spurs
Wed Nov 6 2024,7:00p,Detroit Pistons
Wed Nov 6 2024,7:00p,Orlando Magic
Wed Nov 6 2024,7:30p,New York Knicks
Wed Nov 6 2024,7:30p,Golden State Warriors
Wed Nov 6 2024,8:00p,San Antonio Spurs
Wed Nov 6 2024,8:00p,Los Angeles Lakers
Wed Nov 6 2024,8:00p,Cleveland Cavaliers
Wed Nov 6 2024,8:30p,Chicago Bulls
Wed Nov 6 2024,9:00p,Oklahoma City Thunder
Wed Nov 6 2024,9:00p,Miami Heat
Wed Nov 6 2024,10:00p,Philadelphia 76ers
Wed Nov 6 2024,10:00p,Toronto Raptors
Thu Nov 7 2024,8:00p,Minnesota Timberwolves
Thu Nov 7 2024,8:00p,Utah Jazz
Thu Nov 7 2024,8:00p,Portland Trail Blazers
Fri Nov 8 2024,7:00p,Indiana Pacers
Fri Nov 8 2024,7:00p,Atlanta Hawks
Fri Nov 8 2024,7:00p,New Orleans Pelicans
Fri Nov 8 2024,7:30p,Brooklyn Nets
Fri Nov 8 2024,7:30p,Golden State Warriors
Fri Nov 8 2024,7:30p,Phoenix Suns
Fri Nov 8 2024,7:30p,Milwaukee Bucks
Fri Nov 8 2024,8:00p,Washington Wizards
Fri Nov 8 2024,8:00p,Houston Rockets
Fri Nov 8 2024,9:00p,Miami Heat
Fri Nov 8 2024,9:00p,Portland Trail Blazers
Fri Nov 8 2024,10:00p,Philadelphia 76ers
Fri Nov 8 2024,10:00p,Los Angeles Clippers
Sat Nov 9 2024,5:00p,Utah Jazz
Sat Nov 9 2024,7:30p,Chicago Bulls
Sat Nov 9 2024,7:30p,Brooklyn Nets
Sat Nov 9 2024,10:30p,Toronto Raptors
Sun Nov 10 2024,3:00p,Houston Rockets
Sun Nov 10 2024,3:30p,Boston Celtics
Sun Nov 10 2024,5:00p,New York Knicks
Sun Nov 10 2024,6:00p,Washington Wizards
Sun Nov 10 2024,7:00p,Miami Heat
Sun Nov 10 2024,7:00p,Golden State Warriors
Sun Nov 10 2024,7:00p,Charlotte Hornets
Sun Nov 10 2024,8:00p,Dallas Mavericks
Sun Nov 10 2024,8:00p,Sacramento Kings
Sun Nov 10 2024,9:00p,Memphis Grizzlies
Sun Nov 10 2024,9:30p,Toronto Raptors
Mon Nov 11 2024,8:00p,Cleveland Cavaliers
Mon Nov 11 2024,8:00p,Washington Wizards
Mon Nov 11 2024,8:00p,Brooklyn Nets
Mon Nov 11 2024,8:00p,Los Angeles Clippers
Mon Nov 11 2024,8:00p,Sacramento Kings
Tue Nov 12 2024,7:00p,Atlanta Hawks
Tue Nov 12 2024,7:00p,Miami Heat
Tue Nov 12 2024,7:00p,Charlotte Hornets
Tue Nov 12 2024,7:30p,New York Knicks
Tue Nov 12 2024,8:00p,Toronto Raptors
Tue Nov 12 2024,9:00p,Phoenix Suns
Tue Nov 12 2024,10:00p,Dallas Mavericks
Tue Nov 12 2024,10:00p,Minnesota Timberwolves
Wed Nov 13 2024,7:00p,Indiana Pacers
Wed Nov 13 2024,7:30p,Boston Celtics
Wed Nov 13 2024,7:30p,Chicago Bulls
Wed Nov 13 2024,7:30p,New Orleans Pelicans
Wed Nov 13 2024,7:30p,Cleveland Cavaliers
Wed Nov 13 2024,8:00p,Los Angeles Clippers
Wed Nov 13 2024,8:00p,Detroit Pistons
Wed Nov 13 2024,8:00p,Washington Wizards
Wed Nov 13 2024,10:00p,Memphis Grizzlies
Wed Nov 13 2024,10:00p,Minnesota Timberwolves
Wed Nov 13 2024,10:00p,Phoenix Suns
Thu Nov 14 2024,9:00p,Dallas Mavericks
Fri Nov 15 2024,7:00p,Miami Heat
Fri Nov 15 2024,7:00p,Philadelphia 76ers
Fri Nov 15 2024,7:00p,Detroit Pistons
Fri Nov 15 2024,7:30p,Washington Wizards
Fri Nov 15 2024,7:30p,Chicago Bulls
Fri Nov 15 2024,7:30p,Brooklyn Nets
Fri Nov 15 2024,7:30p,Los Angeles Lakers
Fri Nov 15 2024,8:00p,Los Angeles Clippers
Fri Nov 15 2024,8:00p,Denver Nuggets
Fri Nov 15 2024,8:00p,Phoenix Suns
Fri Nov 15 2024,10:00p,Memphis Grizzlies
Fri Nov 15 2024,10:00p,Minnesota Timberwolves
Sat Nov 16 2024,3:00p,Milwaukee Bucks
Sat Nov 16 2024,8:00p,Toronto Raptors
Sat Nov 16 2024,8:00p,Los Angeles Lakers
Sat Nov 16 2024,8:30p,San Antonio Spurs
Sat Nov 16 2024,10:00p,Utah Jazz
Sun Nov 17 2024,3:30p,Phoenix Suns
Sun Nov 17 2024,5:00p,Miami Heat
Sun Nov 17 2024,6:00p,Charlotte Hornets
Sun Nov 17 2024,6:00p,Denver Nuggets
Sun Nov 17 2024,6:00p,Atlanta Hawks
Sun Nov 17 2024,6:00p,Detroit Pistons
Sun Nov 17 2024,7:00p,Houston Rockets
Sun Nov 17 2024,7:00p,Brooklyn Nets
Sun Nov 17 2024,7:00p,Dallas Mavericks
Sun Nov 17 2024,9:00p,Utah Jazz
Mon Nov 18 2024,7:00p,Chicago Bulls
Mon Nov 18 2024,7:30p,Philadelphia 76ers
Mon Nov 18 2024,7:30p,Washington Wizards
Mon Nov 18 2024,7:30p,Indiana Pacers
Mon Nov 18 2024,8:00p,Houston Rockets
Mon Nov 18 2024,9:00p,Orlando Magic
Mon Nov 18 2024,10:00p,Atlanta Hawks
Mon Nov 18 2024,10:30p,Golden State Warriors
Tue Nov 19 2024,7:00p,Cleveland Cavaliers
Tue Nov 19 2024,7:30p,Charlotte Hornets
Tue Nov 19 2024,8:00p,Denver Nuggets
Tue Nov 19 2024,8:30p,New Orleans Pelicans
Tue Nov 19 2024,9:30p,Oklahoma City Thunder
Tue Nov 19 2024,10:30p,Utah Jazz
Wed Nov 20 2024,7:30p,New Orleans Pelicans
Wed Nov 20 2024,7:30p,Chicago Bulls
Wed Nov 20 2024,8:00p,Indiana Pacers
Wed Nov 20 2024,8:00p,Philadelphia 76ers
Wed Nov 20 2024,8:00p,Portland Trail Blazers
Wed Nov 20 2024,10:00p,Atlanta Hawks
Wed Nov 20 2024,10:00p,New York Knicks
Wed Nov 20 2024,10:30p,Orlando Magic
Thu Nov 21 2024,7:00p,Detroit Pistons
Thu Nov 21 2024,7:30p,Minnesota Timberwolves
Thu Nov 21 2024,8:00p,Utah Jazz
Thu Nov 21 2024,10:30p,Orlando Magic
Fri Nov 22 2024,7:00p,Brooklyn Nets
Fri Nov 22 2024,7:00p,Boston Celtics
Fri Nov 22 2024,7:30p,Golden State Warriors
Fri Nov 22 2024,8:00p,Atlanta Hawks
Fri Nov 22 2024,8:00p,Portland Trail Blazers
Fri Nov 22 2024,8:00p,Indiana Pacers
Fri Nov 22 2024,10:00p,Dallas Mavericks
Fri Nov 22 2024,10:30p,Sacramento Kings
Sat Nov 23 2024,5:00p,New York Knicks
Sat Nov 23 2024,7:00p,Detroit Pistons
Sat Nov 23 2024,8:00p,Memphis Grizzlies
Sat Nov 23 2024,8:00p,Portland Trail Blazers
Sat Nov 23 2024,8:00p,Charlotte Hornets
Sat Nov 23 2024,8:30p,Golden State Warriors
Sat Nov 23 2024,10:30p,Denver Nuggets
Sun Nov 24 2024,3:30p,Minnesota Timberwolves
Sun Nov 24 2024,5:00p,Washington Wizards
Sun Nov 24 2024,6:00p,Dallas Mavericks
Sun Nov 24 2024,6:00p,Los Angeles Clippers
Sun Nov 24 2024,7:30p,Toronto Raptors
Sun Nov 24 2024,9:00p,Brooklyn Nets
Mon Nov 25 2024,7:00p,Orlando Magic
Mon Nov 25 2024,7:00p,Toronto Raptors
Mon Nov 25 2024,7:00p,New Orleans Pelicans
Mon Nov 25 2024,7:30p,Dallas Mavericks
Mon Nov 25 2024,7:30p,Los Angeles Clippers
Mon Nov 25 2024,8:00p,Portland Trail Blazers
Mon Nov 25 2024,9:00p,New York Knicks
Mon Nov 25 2024,10:00p,Brooklyn Nets
Mon Nov 25 2024,10:00p,Oklahoma City Thunder
Tue Nov 26 2024,7:00p,Chicago Bulls
Tue Nov 26 2024,7:30p,Milwaukee Bucks
Tue Nov 26 2024,8:00p,Houston Rockets
Tue Nov 26 2024,9:00p,San Antonio Spurs
Tue Nov 26 2024,10:00p,Los Angeles Lakers
Wed Nov 27 2024,7:00p,Miami Heat
Wed Nov 27 2024,7:00p,Atlanta Hawks
Wed Nov 27 2024,7:00p,Portland Trail Blazers
Wed Nov 27 2024,7:00p,Chicago Bulls
Wed Nov 27 2024,7:00p,Houston Rockets
Wed Nov 27 2024,7:00p,Los Angeles Clippers
Wed Nov 27 2024,7:30p,New York Knicks
Wed Nov 27 2024,8:00p,Detroit Pistons
Wed Nov 27 2024,8:00p,Sacramento Kings
Wed Nov 27 2024,8:00p,Toronto Raptors
Wed Nov 27 2024,8:30p,Los Angeles Lakers
Wed Nov 27 2024,9:00p,Brooklyn Nets
Wed Nov 27 2024,9:00p,Denver Nuggets
Wed Nov 27 2024,10:00p,Oklahoma City Thunder
Fri Nov 29 2024,12:00p,New York Knicks
Fri Nov 29 2024,2:30p,Cleveland Cavaliers
Fri Nov 29 2024,5:00p,New Orleans Pelicans
Fri Nov 29 2024,7:30p,Orlando Magic
Fri Nov 29 2024,7:30p,Los Angeles Clippers
Fri Nov 29 2024,8:00p,Boston Celtics
Fri Nov 29 2024,8:00p,Detroit Pistons
Fri Nov 29 2024,8:00p,Toronto Raptors
Fri Nov 29 2024,10:00p,Oklahoma City Thunder
Fri Nov 29 2024,10:00p,Sacramento Kings
Sat Nov 30 2024,6:00p,Atlanta Hawks
Sat Nov 30 2024,7:00p,Philadelphia 76ers
Sat Nov 30 2024,8:00p,Washington Wizards
Sat Nov 30 2024,9:00p,Golden State Warriors
Sat Nov 30 2024,9:30p,Dallas Mavericks
"Sun, Dec 1, 2024",3:30p,Orlando Magic
"Sun, Dec 1, 2024",3:30p,Indiana Pacers
"Sun, Dec 1, 2024",6:00p,Boston Celtics
"Sun, Dec 1, 2024",6:00p,New Orleans Pelicans
"Sun, Dec 1, 2024",6:00p,Miami Heat
"Sun, Dec 1, 2024",7:00p,Oklahoma City Thunder
"Sun, Dec 1, 2024",8:00p,Los Angeles Lakers
"Sun, Dec 1, 2024",9:00p,Dallas Mavericks
"Sun, Dec 1, 2024",9:00p,San Antonio Spurs
"Sun, Dec 1, 2024",10:00p,Denver Nuggets
"Mon, Dec 2, 2024",7:30p,New Orleans Pelicans
"Mon, Dec 2, 2024",7:30p,Miami Heat
"Mon, Dec 2, 2024",8:00p,Brooklyn Nets
"Mon, Dec 2, 2024",8:00p,Los Angeles Lakers
"Tue, Dec 3, 2024",7:00p,Philadelphia 76ers
"Tue, Dec 3, 2024",7:00p,Washington Wizards
"Tue, Dec 3, 2024",7:00p,Milwaukee Bucks
"Tue, Dec 3, 2024",7:30p,Orlando Magic
"Tue, Dec 3, 2024",7:30p,Indiana Pacers
"Tue, Dec 3, 2024",8:00p,Utah Jazz
"Tue, Dec 3, 2024",8:30p,Memphis Grizzlies
"Tue, Dec 3, 2024",9:00p,San Antonio Spurs
"Tue, Dec 3, 2024",10:00p,Golden State Warriors
"Tue, Dec 3, 2024",10:00p,Houston Rockets
"Tue, Dec 3, 2024",10:30p,Portland Trail Blazers
"Wed, Dec 4, 2024",7:30p,Detroit Pistons
"Wed, Dec 4, 2024",7:30p,Indiana Pacers
"Wed, Dec 4, 2024",7:30p,Los Angeles Lakers
"Wed, Dec 4, 2024",7:30p,Orlando Magic
"Wed, Dec 4, 2024",8:00p,Atlanta Hawks
"Wed, Dec 4, 2024",10:30p,Minnesota Timberwolves
"Thu, Dec 5, 2024",7:00p,Denver Nuggets
"Thu, Dec 5, 2024",7:00p,Dallas Mavericks
"Thu, Dec 5, 2024",7:30p,Charlotte Hornets
"Thu, Dec 5, 2024",7:30p,Oklahoma City Thunder
"Thu, Dec 5, 2024",8:00p,Sacramento Kings
"Thu, Dec 5, 2024",8:00p,Phoenix Suns
"Thu, Dec 5, 2024",8:00p,Chicago Bulls
"Thu, Dec 5, 2024",10:00p,Houston Rockets
"Fri, Dec 6, 2024",7:00p,Orlando Magic
"Fri, Dec 6, 2024",7:30p,Los Angeles Lakers
"Fri, Dec 6, 2024",7:30p,Milwaukee Bucks
"Fri, Dec 6, 2024",8:00p,Indiana Pacers
"Fri, Dec 6, 2024",8:00p,Sacramento Kings
"Fri, Dec 6, 2024",10:00p,Minnesota Timberwolves
"Fri, Dec 6, 2024",10:00p,Utah Jazz
"Sat, Dec 7, 2024",1:00p,Cleveland Cavaliers
"Sat, Dec 7, 2024",7:00p,Oklahoma City Thunder
"Sat, Dec 7, 2024",7:00p,Denver Nuggets
"Sat, Dec 7, 2024",7:30p,Detroit Pistons
"Sat, Dec 7, 2024",7:30p,Dallas Mavericks
"Sat, Dec 7, 2024",8:00p,Memphis Grizzlies
"Sat, Dec 7, 2024",8:00p,Phoenix Suns
"Sun, Dec 8, 2024",1:00p,Philadelphia 76ers
"Sun, Dec 8, 2024",3:30p,Milwaukee Bucks
"Sun, Dec 8, 2024",5:00p,Charlotte Hornets
"Sun, Dec 8, 2024",6:00p,Denver Nuggets
"Sun, Dec 8, 2024",6:00p,Cleveland Cavaliers
"Sun, Dec 8, 2024",6:30p,Phoenix Suns
"Sun, Dec 8, 2024",7:00p,New Orleans Pelicans
"Sun, Dec 8, 2024",7:00p,Memphis Grizzlies
"Sun, Dec 8, 2024",8:30p,Minnesota Timberwolves
"Sun, Dec 8, 2024",9:00p,Houston Rockets
"Sun, Dec 8, 2024",9:00p,Utah Jazz
"Sun, Dec 8, 2024",9:30p,Portland Trail Blazers
"Mon, Dec 9, 2024",7:30p,New York Knicks
"Tue, Dec 10, 2024",7:00p,Orlando Magic
"Tue, Dec 10, 2024",9:30p,Dallas Mavericks
"Wed, Dec 11, 2024",7:00p,Atlanta Hawks
"Wed, Dec 11, 2024",9:30p,Golden State Warriors
"Thu, Dec 12, 2024",7:30p,Detroit Pistons
"Thu, Dec 12, 2024",7:30p,Toronto Raptors
"Thu, Dec 12, 2024",8:00p,Sacramento Kings
"Fri, Dec 13, 2024",7:00p,Washington Wizards
"Fri, Dec 13, 2024",7:00p,Indiana Pacers
"Fri, Dec 13, 2024",8:00p,Charlotte Hornets
"Fri, Dec 13, 2024",8:00p,Brooklyn Nets
"Fri, Dec 13, 2024",8:00p,Los Angeles Lakers
"Fri, Dec 13, 2024",9:00p,Los Angeles Clippers
"Fri, Dec 13, 2024",9:30p,Phoenix Suns
"Fri, Dec 13, 2024",10:00p,San Antonio Spurs
"Sat, Dec 14, 2024",4:30p,Atlanta Hawks
"Sat, Dec 14, 2024",8:30p,Houston Rockets
"Sun, Dec 15, 2024",5:00p,New Orleans Pelicans
"Sun, Dec 15, 2024",6:00p,New York Knicks
"Sun, Dec 15, 2024",6:00p,Boston Celtics
"Sun, Dec 15, 2024",7:00p,Minnesota Timberwolves
"Sun, Dec 15, 2024",8:00p,Portland Trail Blazers
"Sun, Dec 15, 2024",8:30p,Dallas Mavericks
"Sun, Dec 15, 2024",9:30p,Memphis Grizzlies
"Mon, Dec 16, 2024",7:00p,Philadelphia 76ers
"Mon, Dec 16, 2024",7:00p,Miami Heat
"Mon, Dec 16, 2024",7:30p,Cleveland Cavaliers
"Mon, Dec 16, 2024",7:30p,Chicago Bulls
"Mon, Dec 16, 2024",10:00p,Denver Nuggets
"Mon, Dec 16, 2024",10:30p,Utah Jazz
"Tue, Dec 17, 2024",8:30p,Milwaukee Bucks
"Thu, Dec 19, 2024",7:00p,Utah Jazz
"Thu, Dec 19, 2024",7:00p,Oklahoma City Thunder
"Thu, Dec 19, 2024",7:00p,Charlotte Hornets
"Thu, Dec 19, 2024",7:30p,Chicago Bulls
"Thu, Dec 19, 2024",7:30p,Brooklyn Nets
"Thu, Dec 19, 2024",8:00p,New Orleans Pelicans
"Thu, Dec 19, 2024",8:00p,Golden State Warriors
"Thu, Dec 19, 2024",8:00p,Atlanta Hawks
"Thu, Dec 19, 2024",8:30p,Los Angeles Clippers
"Thu, Dec 19, 2024",9:00p,Indiana Pacers
"Thu, Dec 19, 2024",9:30p,New York Knicks
"Thu, Dec 19, 2024",10:00p,Denver Nuggets
"Thu, Dec 19, 2024",10:00p,Los Angeles Lakers
"Fri, Dec 20, 2024",7:00p,Charlotte Hornets
"Fri, Dec 20, 2024",7:30p,Milwaukee Bucks
"Fri, Dec 20, 2024",8:00p,Oklahoma City Thunder
"Sat, Dec 21, 2024",6:00p,Los Angeles Lakers
"Sat, Dec 21, 2024",7:00p,Miami Heat
"Sat, Dec 21, 2024",7:30p,Memphis Grizzlies
"Sat, Dec 21, 2024",7:30p,Utah Jazz
"Sat, Dec 21, 2024",8:00p,Boston Celtics
"Sat, Dec 21, 2024",8:00p,Philadelphia 76ers
"Sat, Dec 21, 2024",8:00p,Washington Wizards
"Sat, Dec 21, 2024",8:00p,Golden State Warriors
"Sat, Dec 21, 2024",8:00p,New York Knicks
"Sat, Dec 21, 2024",8:30p,Los Angeles Clippers
"Sat, Dec 21, 2024",8:30p,Portland Trail Blazers
"Sat, Dec 21, 2024",9:00p,Detroit Pistons
"Sun, Dec 22, 2024",6:00p,Indiana Pacers
"Sun, Dec 22, 2024",6:00p,Houston Rockets
"Sun, Dec 22, 2024",7:00p,Denver Nuggets
"Mon, Dec 23, 2024",7:00p,Houston Rockets
"Mon, Dec 23, 2024",7:00p,Utah Jazz
"Mon, Dec 23, 2024",7:00p,Boston Celtics
"Mon, Dec 23, 2024",7:00p,San Antonio Spurs
"Mon, Dec 23, 2024",7:30p,Minnesota Timberwolves
"Mon, Dec 23, 2024",7:30p,Brooklyn Nets
"Mon, Dec 23, 2024",7:30p,Toronto Raptors
"Mon, Dec 23, 2024",8:00p,Milwaukee Bucks
"Mon, Dec 23, 2024",8:00p,Los Angeles Clippers
"Mon, Dec 23, 2024",8:00p,Washington Wizards
"Mon, Dec 23, 2024",8:30p,Portland Trail Blazers
"Mon, Dec 23, 2024",10:00p,Phoenix Suns
"Mon, Dec 23, 2024",10:00p,Indiana Pacers
"Mon, Dec 23, 2024",10:30p,Detroit Pistons
"Wed, Dec 25, 2024",12:00p,San Antonio Spurs
"Wed, Dec 25, 2024",2:30p,Minnesota Timberwolves
"Wed, Dec 25, 2024",5:00p,Philadelphia 76ers
"Wed, Dec 25, 2024",8:00p,Los Angeles Lakers
"Wed, Dec 25, 2024",10:30p,Denver Nuggets
"Thu, Dec 26, 2024",7:00p,Oklahoma City Thunder
"Thu, Dec 26, 2024",7:00p,Miami Heat
"Thu, Dec 26, 2024",7:00p,Charlotte Hornets
"Thu, Dec 26, 2024",7:30p,Chicago Bulls
"Thu, Dec 26, 2024",8:00p,Toronto Raptors
"Thu, Dec 26, 2024",8:00p,Brooklyn Nets
"Thu, Dec 26, 2024",8:00p,Houston Rockets
"Thu, Dec 26, 2024",10:00p,Utah Jazz
"Thu, Dec 26, 2024",10:00p,Detroit Pistons
"Fri, Dec 27, 2024",7:00p,New York Knicks
"Fri, Dec 27, 2024",7:30p,Indiana Pacers
"Fri, Dec 27, 2024",7:30p,San Antonio Spurs
"Fri, Dec 27, 2024",8:00p,Minnesota Timberwolves
"Fri, Dec 27, 2024",8:00p,Memphis Grizzlies
"Fri, Dec 27, 2024",9:00p,Cleveland Cavaliers
"Fri, Dec 27, 2024",9:00p,Dallas Mavericks
"Fri, Dec 27, 2024",10:00p,Golden State Warriors
"Sat, Dec 28, 2024",3:00p,Miami Heat
"Sat, Dec 28, 2024",6:00p,Oklahoma City Thunder
"Sat, Dec 28, 2024",7:00p,New York Knicks
"Sat, Dec 28, 2024",8:00p,Milwaukee Bucks
"Sat, Dec 28, 2024",8:30p,Phoenix Suns
"Sat, Dec 28, 2024",9:00p,Detroit Pistons
"Sat, Dec 28, 2024",9:30p,Philadelphia 76ers
"Sat, Dec 28, 2024",10:00p,Dallas Mavericks
"Sat, Dec 28, 2024",10:30p,Sacramento Kings
"Sun, Dec 29, 2024",3:30p,Brooklyn Nets
"Sun, Dec 29, 2024",6:00p,Indiana Pacers
"Sun, Dec 29, 2024",6:00p,Atlanta Hawks
"Sun, Dec 29, 2024",7:00p,Miami Heat
"Sun, Dec 29, 2024",7:00p,Memphis Grizzlies
"Sun, Dec 29, 2024",9:00p,San Antonio Spurs
"Mon, Dec 30, 2024",7:00p,Chicago Bulls
"Mon, Dec 30, 2024",7:00p,New York Knicks
"Mon, Dec 30, 2024",8:00p,Los Angeles Clippers
"Mon, Dec 30, 2024",9:00p,Denver Nuggets
"Mon, Dec 30, 2024",10:00p,Cleveland Cavaliers
"Mon, Dec 30, 2024",10:00p,Philadelphia 76ers
"Mon, Dec 30, 2024",10:00p,Dallas Mavericks
"Tue, Dec 31, 2024",3:00p,Toronto Raptors
"Tue, Dec 31, 2024",3:00p,Milwaukee Bucks
"Tue, Dec 31, 2024",7:00p,Los Angeles Clippers
"Tue, Dec 31, 2024",8:00p,Minnesota Timberwolves
"Tue, Dec 31, 2024",9:00p,Cleveland Cavaliers
"Tue, Dec 31, 2024",9:00p,Memphis Grizzlies
"Wed, Jan 1, 2025",7:00p,Orlando Magic
"Wed, Jan 1, 2025",7:00p,Chicago Bulls
"Wed, Jan 1, 2025",7:30p,New Orleans Pelicans
"Wed, Jan 1, 2025",7:30p,Utah Jazz
"Wed, Jan 1, 2025",7:30p,Brooklyn Nets
"Wed, Jan 1, 2025",8:00p,Dallas Mavericks
"Wed, Jan 1, 2025",9:00p,Atlanta Hawks
"Wed, Jan 1, 2025",10:00p,Philadelphia 76ers
"Thu, Jan 2, 2025",7:30p,Indiana Pacers
"Thu, Jan 2, 2025",7:30p,Boston Celtics
"Thu, Jan 2, 2025",8:00p,Brooklyn Nets
"Thu, Jan 2, 2025",8:00p,Los Angeles Clippers
"Thu, Jan 2, 2025",10:00p,Philadelphia 76ers
"Thu, Jan 2, 2025",10:30p,Portland Trail Blazers
"Fri, Jan 3, 2025",7:00p,Charlotte Hornets
"Fri, Jan 3, 2025",7:30p,Orlando Magic
"Fri, Jan 3, 2025",8:00p,Boston Celtics
"Fri, Jan 3, 2025",8:00p,Washington Wizards
"Fri, Jan 3, 2025",8:00p,New York Knicks
"Fri, Jan 3, 2025",8:30p,Cleveland Cavaliers
"Fri, Jan 3, 2025",9:00p,San Antonio Spurs
"Fri, Jan 3, 2025",10:00p,Memphis Grizzlies
"Fri, Jan 3, 2025",10:30p,Atlanta Hawks
"Sat, Jan 4, 2025",6:00p,Philadelphia 76ers
"Sat, Jan 4, 2025",7:00p,Minnesota Timberwolves
"Sat, Jan 4, 2025",7:00p,Phoenix Suns
"Sat, Jan 4, 2025",8:00p,New York Knicks
"Sat, Jan 4, 2025",8:00p,Utah Jazz
"Sat, Jan 4, 2025",8:00p,Portland Trail Blazers
"Sat, Jan 4, 2025",8:00p,Denver Nuggets
"Sat, Jan 4, 2025",8:30p,Memphis Grizzlies
"Sat, Jan 4, 2025",10:30p,Atlanta Hawks
"Sun, Jan 5, 2025",3:30p,Boston Celtics
"Sun, Jan 5, 2025",6:00p,Charlotte Hornets
"Sun, Jan 5, 2025",6:00p,New Orleans Pelicans
"Sun, Jan 5, 2025",6:30p,Utah Jazz
"Sun, Jan 5, 2025",7:00p,Los Angeles Lakers
"Sun, Jan 5, 2025",8:30p,Sacramento Kings
"Mon, Jan 6, 2025",7:00p,Portland Trail Blazers
"Mon, Jan 6, 2025",7:00p,Phoenix Suns
"Mon, Jan 6, 2025",7:30p,Indiana Pacers
"Mon, Jan 6, 2025",7:30p,Orlando Magic
"Mon, Jan 6, 2025",7:30p,Milwaukee Bucks
"Mon, Jan 6, 2025",8:00p,San Antonio Spurs
"Mon, Jan 6, 2025",8:00p,Dallas Mavericks
"Mon, Jan 6, 2025",8:00p,Los Angeles Clippers
"Mon, Jan 6, 2025",10:00p,Miami Heat
"Tue, Jan 7, 2025",7:00p,Phoenix Suns
"Tue, Jan 7, 2025",7:00p,Houston Rockets
"Tue, Jan 7, 2025",7:30p,Los Angeles Lakers
"Tue, Jan 7, 2025",8:00p,Minnesota Timberwolves
"Tue, Jan 7, 2025",9:00p,Atlanta Hawks
"Tue, Jan 7, 2025",10:00p,Boston Celtics
"Tue, Jan 7, 2025",10:00p,Miami Heat
"Wed, Jan 8, 2025",7:00p,Oklahoma City Thunder
"Wed, Jan 8, 2025",7:00p,Chicago Bulls
"Wed, Jan 8, 2025",7:00p,Washington Wizards
"Wed, Jan 8, 2025",7:30p,Detroit Pistons
"Wed, Jan 8, 2025",7:30p,Toronto Raptors
"Wed, Jan 8, 2025",8:00p,Portland Trail Blazers
"Wed, Jan 8, 2025",9:00p,Los Angeles Clippers
"Wed, Jan 8, 2025",9:30p,San Antonio Spurs
"Thu, Jan 9, 2025",7:00p,Toronto Raptors
"Thu, Jan 9, 2025",7:00p,Golden State Warriors
"Thu, Jan 9, 2025",7:00p,Minnesota Timberwolves
"Thu, Jan 9, 2025",7:30p,Portland Trail Blazers
"Thu, Jan 9, 2025",8:00p,Houston Rockets
"Thu, Jan 9, 2025",9:00p,Atlanta Hawks
"Thu, Jan 9, 2025",9:00p,Miami Heat
"Fri, Jan 10, 2025",7:00p,Golden State Warriors
"Fri, Jan 10, 2025",7:00p,Milwaukee Bucks
"Fri, Jan 10, 2025",7:00p,New Orleans Pelicans
"Fri, Jan 10, 2025",7:30p,Sacramento Kings
"Fri, Jan 10, 2025",7:30p,Oklahoma City Thunder
"Fri, Jan 10, 2025",8:00p,Washington Wizards
"Fri, Jan 10, 2025",9:00p,Brooklyn Nets
"Sat, Jan 11, 2025",5:00p,Utah Jazz
"Sat, Jan 11, 2025",7:00p,Toronto Raptors
"Sat, Jan 11, 2025",8:00p,Memphis Grizzlies
"Sat, Jan 11, 2025",10:00p,Miami Heat
"Sun, Jan 12, 2025",3:00p,Denver Nuggets
"Sun, Jan 12, 2025",3:00p,Milwaukee Bucks
"Sun, Jan 12, 2025",3:30p,Sacramento Kings
"Sun, Jan 12, 2025",6:00p,New Orleans Pelicans
"Sun, Jan 12, 2025",6:00p,Indiana Pacers
"Sun, Jan 12, 2025",6:00p,Philadelphia 76ers
"Sun, Jan 12, 2025",6:00p,Oklahoma City Thunder
"Sun, Jan 12, 2025",8:00p,Brooklyn Nets
"Sun, Jan 12, 2025",9:00p,Charlotte Hornets
"Mon, Jan 13, 2025",7:00p,Minnesota Timberwolves
"Mon, Jan 13, 2025",7:30p,Detroit Pistons
"Mon, Jan 13, 2025",7:30p,Golden State Warriors
"Mon, Jan 13, 2025",8:00p,Memphis Grizzlies
"Mon, Jan 13, 2025",10:30p,Miami Heat
"Mon, Jan 13, 2025",10:30p,San Antonio Spurs
"Tue, Jan 14, 2025",7:00p,Cleveland Cavaliers
"Tue, Jan 14, 2025",7:00p,Oklahoma City Thunder
"Tue, Jan 14, 2025",7:30p,Phoenix Suns
"Tue, Jan 14, 2025",8:00p,New Orleans Pelicans
"Tue, Jan 14, 2025",8:00p,Sacramento Kings
"Tue, Jan 14, 2025",9:30p,Denver Nuggets
"Tue, Jan 14, 2025",10:00p,Brooklyn Nets
"Wed, Jan 15, 2025",7:00p,New York Knicks
"Wed, Jan 15, 2025",7:30p,Boston Celtics
"Wed, Jan 15, 2025",8:00p,Atlanta Hawks
"Wed, Jan 15, 2025",8:00p,Orlando Magic
"Wed, Jan 15, 2025",8:00p,Dallas Mavericks
"Wed, Jan 15, 2025",8:00p,Memphis Grizzlies
"Wed, Jan 15, 2025",9:00p,Houston Rockets
"Wed, Jan 15, 2025",9:00p,Charlotte Hornets
"Wed, Jan 15, 2025",9:30p,Golden State Warriors
"Wed, Jan 15, 2025",10:00p,Miami Heat
"Wed, Jan 15, 2025",10:30p,Brooklyn Nets
"Thu, Jan 16, 2025",7:00p,Indiana Pacers
"Thu, Jan 16, 2025",7:00p,Phoenix Suns
"Thu, Jan 16, 2025",7:30p,Cleveland Cavaliers
"Thu, Jan 16, 2025",10:00p,Los Angeles Clippers
"Thu, Jan 16, 2025",10:00p,Houston Rockets
"Fri, Jan 17, 2025",7:00p,Orlando Magic
"Fri, Jan 17, 2025",7:30p,Minnesota Timberwolves
"Fri, Jan 17, 2025",8:00p,Charlotte Hornets
"Fri, Jan 17, 2025",8:00p,Denver Nuggets
"Fri, Jan 17, 2025",8:00p,Toronto Raptors
"Fri, Jan 17, 2025",8:00p,Utah Jazz
"Fri, Jan 17, 2025",8:30p,Oklahoma City Thunder
"Fri, Jan 17, 2025",9:30p,Memphis Grizzlies
"Fri, Jan 17, 2025",10:30p,Brooklyn Nets
"Sat, Jan 18, 2025",4:00p,Phoenix Suns
"Sat, Jan 18, 2025",7:00p,Atlanta Hawks
"Sat, Jan 18, 2025",7:00p,Philadelphia 76ers
"Sat, Jan 18, 2025",8:30p,Washington Wizards
"Sat, Jan 18, 2025",9:00p,Cleveland Cavaliers
"Sat, Jan 18, 2025",10:00p,Houston Rockets
"Sun, Jan 19, 2025",3:00p,San Antonio Spurs
"Sun, Jan 19, 2025",6:00p,Denver Nuggets
"Sun, Jan 19, 2025",7:00p,Philadelphia 76ers
"Sun, Jan 19, 2025",7:00p,Brooklyn Nets
"Sun, Jan 19, 2025",9:00p,Los Angeles Lakers
"Sun, Jan 19, 2025",9:00p,Chicago Bulls
"Sun, Jan 19, 2025",9:00p,Washington Wizards
"Mon, Jan 20, 2025",12:00p,Dallas Mavericks
"Mon, Jan 20, 2025",2:00p,Detroit Pistons
"Mon, Jan 20, 2025",2:30p,Minnesota Timberwolves
"Mon, Jan 20, 2025",3:00p,Atlanta Hawks
"Mon, Jan 20, 2025",3:30p,Phoenix Suns
"Mon, Jan 20, 2025",5:00p,Boston Celtics
"Mon, Jan 20, 2025",8:00p,Utah Jazz
"Mon, Jan 20, 2025",10:30p,Chicago Bulls
"Tue, Jan 21, 2025",7:30p,New York Knicks
"Tue, Jan 21, 2025",7:30p,Portland Trail Blazers
"Tue, Jan 21, 2025",7:30p,Orlando Magic
"Tue, Jan 21, 2025",10:00p,Philadelphia 76ers
"Tue, Jan 21, 2025",10:30p,Washington Wizards
"Wed, Jan 22, 2025",7:30p,Detroit Pistons
"Wed, Jan 22, 2025",7:30p,Phoenix Suns
"Wed, Jan 22, 2025",7:30p,Minnesota Timberwolves
"Wed, Jan 22, 2025",8:00p,Cleveland Cavaliers
"Wed, Jan 22, 2025",8:00p,Charlotte Hornets
"Wed, Jan 22, 2025",8:00p,Utah Jazz
"Wed, Jan 22, 2025",10:00p,Golden State Warriors
"Wed, Jan 22, 2025",10:30p,Boston Celtics
"Thu, Jan 23, 2025",2:00p,San Antonio Spurs
"Thu, Jan 23, 2025",7:00p,Portland Trail Blazers
"Thu, Jan 23, 2025",7:30p,Toronto Raptors
"Thu, Jan 23, 2025",8:00p,Dallas Mavericks
"Thu, Jan 23, 2025",8:30p,Miami Heat
"Thu, Jan 23, 2025",9:00p,Sacramento Kings
"Thu, Jan 23, 2025",10:00p,Chicago Bulls
"Thu, Jan 23, 2025",10:00p,Boston Celtics
"Thu, Jan 23, 2025",10:30p,Washington Wizards
"Fri, Jan 24, 2025",7:00p,Portland Trail Blazers
"Fri, Jan 24, 2025",7:00p,Cleveland Cavaliers
"Fri, Jan 24, 2025",8:00p,New Orleans Pelicans
"Sat, Jan 25, 2025",12:00p,Indiana Pacers
"Sat, Jan 25, 2025",3:00p,Denver Nuggets
"Sat, Jan 25, 2025",5:30p,Boston Celtics
"Sat, Jan 25, 2025",6:00p,Miami Heat
"Sat, Jan 25, 2025",7:00p,New Orleans Pelicans
"Sat, Jan 25, 2025",7:00p,Detroit Pistons
"Sat, Jan 25, 2025",7:30p,Toronto Raptors
"Sat, Jan 25, 2025",7:30p,Houston Rockets
"Sat, Jan 25, 2025",7:30p,Sacramento Kings
"Sat, Jan 25, 2025",8:00p,Philadelphia 76ers
"Sat, Jan 25, 2025",8:00p,Utah Jazz
"Sat, Jan 25, 2025",8:30p,Los Angeles Lakers
"Sat, Jan 25, 2025",9:00p,Washington Wizards
"Sat, Jan 25, 2025",10:30p,Milwaukee Bucks
"Sun, Jan 26, 2025",6:00p,Oklahoma City Thunder
"Mon, Jan 27, 2025",7:00p,Los Angeles Lakers
"Mon, Jan 27, 2025",7:00p,Detroit Pistons
"Mon, Jan 27, 2025",7:30p,Houston Rockets
"Mon, Jan 27, 2025",7:30p,Sacramento Kings
"Mon, Jan 27, 2025",7:30p,Orlando Magic
"Mon, Jan 27, 2025",7:30p,Memphis Grizzlies
"Mon, Jan 27, 2025",7:30p,New Orleans Pelicans
"Mon, Jan 27, 2025",8:00p,Denver Nuggets
"Mon, Jan 27, 2025",8:00p,Atlanta Hawks
"Mon, Jan 27, 2025",8:30p,Washington Wizards
"Mon, Jan 27, 2025",9:00p,Milwaukee Bucks
"Mon, Jan 27, 2025",9:30p,Los Angeles Clippers
"Tue, Jan 28, 2025",7:30p,Houston Rockets
"Tue, Jan 28, 2025",7:30p,Los Angeles Lakers
"Tue, Jan 28, 2025",10:00p,Utah Jazz
"Tue, Jan 28, 2025",10:00p,Milwaukee Bucks
"Wed, Jan 29, 2025",7:00p,Brooklyn Nets
"Wed, Jan 29, 2025",7:00p,Detroit Pistons
"Wed, Jan 29, 2025",7:00p,Toronto Raptors
"Wed, Jan 29, 2025",7:30p,Chicago Bulls
"Wed, Jan 29, 2025",7:30p,Cleveland Cavaliers
"Wed, Jan 29, 2025",7:30p,Denver Nuggets
"Wed, Jan 29, 2025",7:30p,Sacramento Kings
"Wed, Jan 29, 2025",8:00p,Dallas Mavericks
"Wed, Jan 29, 2025",8:00p,Los Angeles Clippers
"Wed, Jan 29, 2025",9:00p,Minnesota Timberwolves
"Wed, Jan 29, 2025",10:00p,Oklahoma City Thunder
"Thu, Jan 30, 2025",7:00p,Atlanta Hawks
"Thu, Jan 30, 2025",7:00p,Los Angeles Lakers
"Thu, Jan 30, 2025",9:00p,Minnesota Timberwolves
"Thu, Jan 30, 2025",9:30p,Houston Rockets
"Thu, Jan 30, 2025",10:00p,Orlando Magic
"Fri, Jan 31, 2025",7:00p,Los Angeles Clippers
"Fri, Jan 31, 2025",7:00p,Dallas Mavericks
"Fri, Jan 31, 2025",7:30p,Denver Nuggets
"Fri, Jan 31, 2025",7:30p,Chicago Bulls
"Fri, Jan 31, 2025",8:00p,Boston Celtics
"Fri, Jan 31, 2025",8:00p,Milwaukee Bucks
"Fri, Jan 31, 2025",10:00p,Phoenix Suns
"Sat, Feb 1, 2025",5:00p,Atlanta Hawks
"Sat, Feb 1, 2025",5:00p,Orlando Magic
"Sat, Feb 1, 2025",7:00p,Denver Nuggets
"Sat, Feb 1, 2025",8:00p,Brooklyn Nets
"Sat, Feb 1, 2025",8:00p,Washington Wizards
"Sat, Feb 1, 2025",8:00p,Sacramento Kings
"Sat, Feb 1, 2025",8:30p,Los Angeles Lakers
"Sat, Feb 1, 2025",8:30p,Miami Heat
"Sat, Feb 1, 2025",10:00p,Phoenix Suns
"Sun, Feb 2, 2025",3:00p,Chicago Bulls
"Sun, Feb 2, 2025",3:30p,Dallas Mavericks
"Sun, Feb 2, 2025",3:30p,Los Angeles Clippers
"Sun, Feb 2, 2025",6:00p,Boston Celtics
"Sun, Feb 2, 2025",8:30p,Memphis Grizzlies
"Mon, Feb 3, 2025",7:00p,Washington Wizards
"Mon, Feb 3, 2025",7:00p,Atlanta Hawks
"Mon, Feb 3, 2025",7:30p,Houston Rockets
"Mon, Feb 3, 2025",8:00p,San Antonio Spurs
"Mon, Feb 3, 2025",8:00p,Sacramento Kings
"Mon, Feb 3, 2025",8:00p,Milwaukee Bucks
"Mon, Feb 3, 2025",9:00p,New Orleans Pelicans
"Mon, Feb 3, 2025",9:00p,Indiana Pacers
"Mon, Feb 3, 2025",10:00p,Orlando Magic
"Mon, Feb 3, 2025",10:00p,Phoenix Suns
"Tue, Feb 4, 2025",7:00p,Dallas Mavericks
"Tue, Feb 4, 2025",7:30p,Houston Rockets
"Tue, Feb 4, 2025",7:30p,Boston Celtics
"Tue, Feb 4, 2025",7:30p,New York Knicks
"Tue, Feb 4, 2025",8:00p,Miami Heat
"Tue, Feb 4, 2025",10:00p,Los Angeles Lakers
"Tue, Feb 4, 2025",10:00p,Indiana Pacers
"Wed, Feb 5, 2025",7:00p,San Antonio Spurs
"Wed, Feb 5, 2025",7:00p,Milwaukee Bucks
"Wed, Feb 5, 2025",7:00p,Cleveland Cavaliers
"Wed, Feb 5, 2025",7:30p,Washington Wizards
"Wed, Feb 5, 2025",7:30p,Miami Heat
"Wed, Feb 5, 2025",7:30p,Memphis Grizzlies
"Wed, Feb 5, 2025",8:00p,Chicago Bulls
"Wed, Feb 5, 2025",9:00p,New Orleans Pelicans
"Wed, Feb 5, 2025",9:00p,Golden State Warriors
"Wed, Feb 5, 2025",9:30p,Phoenix Suns
"Wed, Feb 5, 2025",10:00p,Orlando Magic
"Thu, Feb 6, 2025",7:30p,Dallas Mavericks
"Thu, Feb 6, 2025",8:00p,Houston Rockets
"Thu, Feb 6, 2025",9:00p,Orlando Magic
"Thu, Feb 6, 2025",10:00p,Golden State Warriors
"Thu, Feb 6, 2025",10:00p,Sacramento Kings
"Thu, Feb 6, 2025",10:30p,Indiana Pacers
"Fri, Feb 7, 2025",7:00p,San Antonio Spurs
"Fri, Feb 7, 2025",7:00p,Cleveland Cavaliers
"Fri, Feb 7, 2025",7:30p,Milwaukee Bucks
"Fri, Feb 7, 2025",7:30p,Miami Heat
"Fri, Feb 7, 2025",7:30p,Philadelphia 76ers
"Fri, Feb 7, 2025",8:00p,Toronto Raptors
"Fri, Feb 7, 2025",10:00p,Utah Jazz
"Sat, Feb 8, 2025",3:00p,Houston Rockets
"Sat, Feb 8, 2025",4:00p,Indiana Pacers
"Sat, Feb 8, 2025",7:00p,San Antonio Spurs
"Sat, Feb 8, 2025",7:00p,Atlanta Hawks
"Sat, Feb 8, 2025",8:00p,Golden State Warriors
"Sat, Feb 8, 2025",8:00p,Oklahoma City Thunder
"Sat, Feb 8, 2025",8:00p,Portland Trail Blazers
"Sat, Feb 8, 2025",8:30p,Boston Celtics
"Sat, Feb 8, 2025",9:00p,Denver Nuggets
"Sat, Feb 8, 2025",10:00p,New Orleans Pelicans
"Sat, Feb 8, 2025",10:30p,Utah Jazz
"Sun, Feb 9, 2025",1:00p,Charlotte Hornets
"Sun, Feb 9, 2025",2:00p,Toronto Raptors
"Sun, Feb 9, 2025",2:00p,Philadelphia 76ers
"Mon, Feb 10, 2025",7:00p,Minnesota Timberwolves
"Mon, Feb 10, 2025",7:00p,Atlanta Hawks
"Mon, Feb 10, 2025",7:00p,San Antonio Spurs
"Mon, Feb 10, 2025",7:30p,Charlotte Hornets
"Mon, Feb 10, 2025",7:30p,Boston Celtics
"Mon, Feb 10, 2025",8:00p,Golden State Warriors
"Mon, Feb 10, 2025",8:00p,New Orleans Pelicans
"Mon, Feb 10, 2025",8:30p,Sacramento Kings
"Mon, Feb 10, 2025",9:00p,Portland Trail Blazers
"Mon, Feb 10, 2025",10:30p,Utah Jazz
"Tue, Feb 11, 2025",7:00p,Toronto Raptors
"Tue, Feb 11, 2025",7:30p,New York Knicks
"Tue, Feb 11, 2025",8:00p,Detroit Pistons
"Tue, Feb 11, 2025",10:00p,Memphis Grizzlies
"Wed, Feb 12, 2025",7:00p,San Antonio Spurs
"Wed, Feb 12, 2025",7:00p,Charlotte Hornets
"Wed, Feb 12, 2025",7:00p,Indiana Pacers
"Wed, Feb 12, 2025",7:30p,Philadelphia 76ers
"Wed, Feb 12, 2025",7:30p,Atlanta Hawks
"Wed, Feb 12, 2025",7:30p,Cleveland Cavaliers
"Wed, Feb 12, 2025",8:00p,Detroit Pistons
"Wed, Feb 12, 2025",8:00p,Milwaukee Bucks
"Wed, Feb 12, 2025",8:00p,Sacramento Kings
"Wed, Feb 12, 2025",8:00p,Miami Heat
"Wed, Feb 12, 2025",8:30p,Phoenix Suns
"Wed, Feb 12, 2025",9:00p,Portland Trail Blazers
"Wed, Feb 12, 2025",9:00p,Los Angeles Lakers
"Wed, Feb 12, 2025",9:30p,Golden State Warriors
"Wed, Feb 12, 2025",10:30p,Memphis Grizzlies
"Thu, Feb 13, 2025",8:00p,Golden State Warriors
"Thu, Feb 13, 2025",8:00p,Sacramento Kings
"Thu, Feb 13, 2025",8:30p,Miami Heat
"Thu, Feb 13, 2025",8:30p,Oklahoma City Thunder
"Thu, Feb 13, 2025",9:00p,Los Angeles Clippers
"Wed, Feb 19, 2025",10:00p,Charlotte Hornets
"Thu, Feb 20, 2025",7:00p,Memphis Grizzlies
"Thu, Feb 20, 2025",7:00p,Boston Celtics
"Thu, Feb 20, 2025",7:30p,Orlando Magic
"Thu, Feb 20, 2025",7:30p,Cleveland Cavaliers
"Thu, Feb 20, 2025",7:30p,Chicago Bulls
"Thu, Feb 20, 2025",8:00p,Los Angeles Clippers
"Thu, Feb 20, 2025",9:00p,Charlotte Hornets
"Thu, Feb 20, 2025",9:30p,Phoenix Suns
"Thu, Feb 20, 2025",10:00p,Los Angeles Lakers
"Fri, Feb 21, 2025",7:00p,New York Knicks
"Fri, Feb 21, 2025",7:00p,Memphis Grizzlies
"Fri, Feb 21, 2025",7:00p,Milwaukee Bucks
"Fri, Feb 21, 2025",7:30p,Miami Heat
"Fri, Feb 21, 2025",8:30p,New Orleans Pelicans
"Fri, Feb 21, 2025",8:30p,Detroit Pistons
"Fri, Feb 21, 2025",9:30p,Minnesota Timberwolves
"Fri, Feb 21, 2025",9:30p,Oklahoma City Thunder
"Fri, Feb 21, 2025",10:00p,Golden State Warriors
"Sat, Feb 22, 2025",5:00p,Phoenix Suns
"Sat, Feb 22, 2025",7:30p,Brooklyn Nets
"Sat, Feb 22, 2025",8:30p,Los Angeles Lakers
"Sat, Feb 22, 2025",9:30p,Houston Rockets
"Sat, Feb 22, 2025",10:00p,Charlotte Hornets
"Sun, Feb 23, 2025",1:00p,New York Knicks
"Sun, Feb 23, 2025",3:30p,Dallas Mavericks
"Sun, Feb 23, 2025",5:00p,Los Angeles Clippers
"Sun, Feb 23, 2025",6:00p,Detroit Pistons
"Sun, Feb 23, 2025",6:00p,Miami Heat
"Sun, Feb 23, 2025",6:00p,Washington Wizards
"Sun, Feb 23, 2025",6:00p,Phoenix Suns
"Sun, Feb 23, 2025",7:00p,Memphis Grizzlies
"Sun, Feb 23, 2025",7:00p,San Antonio Spurs
"Sun, Feb 23, 2025",9:30p,Oklahoma City Thunder
"Mon, Feb 24, 2025",7:00p,Los Angeles Clippers
"Mon, Feb 24, 2025",7:00p,Denver Nuggets
"Mon, Feb 24, 2025",7:00p,Chicago Bulls
"Mon, Feb 24, 2025",7:00p,Brooklyn Nets
"Mon, Feb 24, 2025",7:30p,Miami Heat
"Mon, Feb 24, 2025",8:00p,Minnesota Timberwolves
"Mon, Feb 24, 2025",9:00p,Portland Trail Blazers
"Mon, Feb 24, 2025",10:00p,Charlotte Hornets
"Tue, Feb 25, 2025",7:00p,Boston Celtics
"Tue, Feb 25, 2025",7:30p,Cleveland Cavaliers
"Tue, Feb 25, 2025",8:00p,Milwaukee Bucks
"Tue, Feb 25, 2025",8:00p,Phoenix Suns
"Tue, Feb 25, 2025",8:00p,San Antonio Spurs
"Tue, Feb 25, 2025",10:00p,Charlotte Hornets
"Tue, Feb 25, 2025",10:00p,Dallas Mavericks
"Wed, Feb 26, 2025",7:00p,Boston Celtics
"Wed, Feb 26, 2025",7:00p,Toronto Raptors
"Wed, Feb 26, 2025",7:00p,Philadelphia 76ers
"Wed, Feb 26, 2025",7:00p,Portland Trail Blazers
"Wed, Feb 26, 2025",7:30p,Oklahoma City Thunder
"Wed, Feb 26, 2025",7:30p,Atlanta Hawks
"Wed, Feb 26, 2025",8:00p,Los Angeles Clippers
"Wed, Feb 26, 2025",9:00p,Sacramento Kings
"Wed, Feb 26, 2025",9:30p,San Antonio Spurs
"Thu, Feb 27, 2025",7:00p,Golden State Warriors
"Thu, Feb 27, 2025",8:00p,Denver Nuggets
"Thu, Feb 27, 2025",8:30p,Charlotte Hornets
"Thu, Feb 27, 2025",9:00p,New Orleans Pelicans
"Thu, Feb 27, 2025",10:30p,Minnesota Timberwolves
"Fri, Feb 28, 2025",7:00p,Denver Nuggets
"Fri, Feb 28, 2025",7:30p,Oklahoma City Thunder
"Fri, Feb 28, 2025",7:30p,Cleveland Cavaliers
"Fri, Feb 28, 2025",7:30p,Portland Trail Blazers
"Fri, Feb 28, 2025",8:00p,Toronto Raptors
"Fri, Feb 28, 2025",8:00p,New York Knicks
"Fri, Feb 28, 2025",8:00p,Indiana Pacers
"Fri, Feb 28, 2025",9:00p,New Orleans Pelicans
"Fri, Feb 28, 2025",9:30p,Minnesota Timberwolves
"Fri, Feb 28, 2025",10:00p,Los Angeles Clippers
"Mon, Mar 3, 2025",8:00p,Atlanta Hawks
"Sun, Mar 16, 2025",6:00p,Atlanta Hawks
"Tue, Mar 18, 2025",7:00p,Atlanta Hawks
"Tue, Mar 25, 2025",8:00p,Atlanta Hawks
"Thu, Mar 27, 2025",7:30p,Atlanta Hawks
"Sun, Mar 30, 2025",7:00p,Atlanta Hawks
"Fri, Mar 14, 2025",7:00p,Boston Celtics
"Sat, Mar 15, 2025",6:00p,Boston Celtics
"Fri, Mar 21, 2025",9:30p,Boston Celtics
"Sun, Mar 23, 2025",6:00p,Boston Celtics
"Mon, Mar 24, 2025",10:00p,Boston Celtics
"Wed, Mar 26, 2025",10:00p,Boston Celtics
"Sat, Mar 29, 2025",8:00p,Boston Celtics
"Mon, Mar 31, 2025",7:30p,Boston Celtics
"Sat, Mar 1, 2025",7:00p,Brooklyn Nets
"Tue, Mar 4, 2025",8:30p,Brooklyn Nets
"Sat, Mar 8, 2025",6:00p,Brooklyn Nets
"Tue, Mar 11, 2025",7:00p,Brooklyn Nets
"Thu, Mar 13, 2025",8:00p,Brooklyn Nets
"Tue, Mar 18, 2025",7:30p,Brooklyn Nets
"Thu, Mar 20, 2025",7:00p,Brooklyn Nets
"Sat, Mar 22, 2025",5:00p,Brooklyn Nets
"Sat, Mar 29, 2025",7:00p,Brooklyn Nets
"Mon, Mar 31, 2025",8:30p,Brooklyn Nets
"Sun, Mar 2, 2025",5:00p,Chicago Bulls
"Thu, Mar 6, 2025",7:00p,Chicago Bulls
"Sat, Mar 8, 2025",8:00p,Chicago Bulls
"Sat, Mar 15, 2025",8:00p,Chicago Bulls
"Mon, Mar 17, 2025",9:00p,Chicago Bulls
"Wed, Mar 19, 2025",10:00p,Chicago Bulls
"Thu, Mar 20, 2025",10:00p,Chicago Bulls
"Sat, Mar 22, 2025",10:30p,Chicago Bulls
"Mon, Mar 24, 2025",9:00p,Chicago Bulls
"Mon, Mar 31, 2025",8:00p,Chicago Bulls
"Mon, Mar 10, 2025",7:30p,Charlotte Hornets
"Wed, Mar 12, 2025",7:30p,Charlotte Hornets
"Fri, Mar 14, 2025",8:00p,Charlotte Hornets
"Sun, Mar 16, 2025",7:00p,Charlotte Hornets
"Fri, Mar 21, 2025",8:00p,Charlotte Hornets
"Sun, Mar 23, 2025",6:00p,Charlotte Hornets
"Fri, Mar 28, 2025",7:30p,Charlotte Hornets
"Sun, Mar 30, 2025",7:00p,Charlotte Hornets
"Tue, Mar 4, 2025",8:00p,Cleveland Cavaliers
"Fri, Mar 7, 2025",7:00p,Cleveland Cavaliers
"Sun, Mar 9, 2025",8:00p,Cleveland Cavaliers
"Fri, Mar 14, 2025",8:00p,Cleveland Cavaliers
"Tue, Mar 18, 2025",10:30p,Cleveland Cavaliers
"Wed, Mar 19, 2025",10:00p,Cleveland Cavaliers
"Fri, Mar 21, 2025",10:00p,Cleveland Cavaliers
"Sun, Mar 23, 2025",3:30p,Cleveland Cavaliers
"Tue, Mar 25, 2025",10:00p,Cleveland Cavaliers
"Fri, Mar 28, 2025",7:00p,Cleveland Cavaliers
"Wed, Mar 5, 2025",8:00p,Dallas Mavericks
"Mon, Mar 10, 2025",8:30p,Dallas Mavericks
"Wed, Mar 12, 2025",8:00p,Dallas Mavericks
"Fri, Mar 14, 2025",8:00p,Dallas Mavericks
"Wed, Mar 19, 2025",7:00p,Dallas Mavericks
"Mon, Mar 24, 2025",7:30p,Dallas Mavericks
"Tue, Mar 25, 2025",7:30p,Dallas Mavericks
"Thu, Mar 27, 2025",7:00p,Dallas Mavericks
"Sat, Mar 29, 2025",8:00p,Dallas Mavericks
"Sun, Mar 2, 2025",1:00p,Denver Nuggets
"Sun, Mar 9, 2025",1:00p,Denver Nuggets
"Mon, Mar 10, 2025",8:00p,Denver Nuggets
"Mon, Mar 17, 2025",10:00p,Denver Nuggets
"Wed, Mar 19, 2025",10:00p,Denver Nuggets
"Fri, Mar 21, 2025",10:00p,Denver Nuggets
"Sun, Mar 23, 2025",7:00p,Denver Nuggets
"Mon, Mar 3, 2025",9:00p,Detroit Pistons
"Wed, Mar 5, 2025",10:30p,Detroit Pistons
"Sat, Mar 8, 2025",8:30p,Detroit Pistons
"Sun, Mar 9, 2025",9:00p,Detroit Pistons
"Mon, Mar 17, 2025",8:00p,Detroit Pistons
"Wed, Mar 19, 2025",7:30p,Detroit Pistons
"Fri, Mar 21, 2025",8:30p,Detroit Pistons
"Sun, Mar 30, 2025",7:00p,Detroit Pistons
"Sat, Mar 1, 2025",8:30p,Golden State Warriors
"Mon, Mar 3, 2025",7:00p,Golden State Warriors
"Tue, Mar 4, 2025",7:30p,Golden State Warriors
"Thu, Mar 6, 2025",7:30p,Golden State Warriors
"Sat, Mar 22, 2025",7:00p,Golden State Warriors
"Tue, Mar 25, 2025",7:30p,Golden State Warriors
"Fri, Mar 28, 2025",8:00p,Golden State Warriors
"Sun, Mar 30, 2025",7:00p,Golden State Warriors
"Mon, Mar 3, 2025",8:00p,Houston Rockets
"Tue, Mar 4, 2025",7:00p,Houston Rockets
"Thu, Mar 6, 2025",8:00p,Houston Rockets
"Wed, Mar 19, 2025",7:00p,Houston Rockets
"Fri, Mar 21, 2025",8:00p,Houston Rockets
"Thu, Mar 27, 2025",9:00p,Houston Rockets
"Sun, Mar 30, 2025",9:00p,Houston Rockets
"Mon, Mar 31, 2025",10:00p,Houston Rockets
"Thu, Mar 6, 2025",7:30p,Indiana Pacers
"Sat, Mar 8, 2025",7:30p,Indiana Pacers
"Mon, Mar 10, 2025",8:00p,Indiana Pacers
"Fri, Mar 14, 2025",7:00p,Indiana Pacers
"Sat, Mar 15, 2025",8:00p,Indiana Pacers
"Mon, Mar 17, 2025",8:00p,Indiana Pacers
"Thu, Mar 27, 2025",7:00p,Indiana Pacers
"Sat, Mar 29, 2025",8:00p,Indiana Pacers
"Sun, Mar 2, 2025",9:30p,Los Angeles Clippers
"Tue, Mar 4, 2025",10:00p,Los Angeles Clippers
"Tue, Mar 11, 2025",8:00p,Los Angeles Clippers
"Wed, Mar 12, 2025",8:00p,Los Angeles Clippers
"Fri, Mar 14, 2025",7:30p,Los Angeles Clippers
"Wed, Mar 26, 2025",7:30p,Los Angeles Clippers
"Fri, Mar 28, 2025",7:30p,Los Angeles Clippers
"Sun, Mar 30, 2025",3:30p,Los Angeles Clippers
"Mon, Mar 31, 2025",7:00p,Los Angeles Clippers
"Sat, Mar 8, 2025",8:30p,Los Angeles Lakers
"Mon, Mar 10, 2025",7:30p,Los Angeles Lakers
"Thu, Mar 13, 2025",7:30p,Los Angeles Lakers
"Fri, Mar 14, 2025",9:30p,Los Angeles Lakers
"Mon, Mar 24, 2025",7:00p,Los Angeles Lakers
"Wed, Mar 26, 2025",7:30p,Los Angeles Lakers
"Thu, Mar 27, 2025",8:00p,Los Angeles Lakers
"Sat, Mar 29, 2025",8:00p,Los Angeles Lakers
"Fri, Mar 7, 2025",7:30p,Memphis Grizzlies
"Sun, Mar 9, 2025",7:00p,Memphis Grizzlies
"Mon, Mar 17, 2025",10:00p,Memphis Grizzlies
"Wed, Mar 19, 2025",10:00p,Memphis Grizzlies
"Fri, Mar 21, 2025",10:30p,Memphis Grizzlies
"Tue, Mar 25, 2025",9:00p,Memphis Grizzlies
"Thu, Mar 27, 2025",8:00p,Memphis Grizzlies
"Wed, Mar 5, 2025",7:00p,Miami Heat
"Sat, Mar 15, 2025",8:00p,Miami Heat
"Mon, Mar 17, 2025",7:30p,Miami Heat
"Sat, Mar 29, 2025",7:30p,Miami Heat
"Mon, Mar 31, 2025",7:00p,Miami Heat
"Sat, Mar 1, 2025",8:30p,Milwaukee Bucks
"Tue, Mar 4, 2025",7:30p,Milwaukee Bucks
"Tue, Mar 11, 2025",7:30p,Milwaukee Bucks
"Tue, Mar 18, 2025",10:00p,Milwaukee Bucks
"Thu, Mar 20, 2025",10:30p,Milwaukee Bucks
"Sat, Mar 22, 2025",10:00p,Milwaukee Bucks
"Mon, Mar 24, 2025",10:00p,Milwaukee Bucks
"Wed, Mar 26, 2025",9:00p,Milwaukee Bucks
"Sun, Mar 2, 2025",9:30p,Minnesota Timberwolves
"Wed, Mar 5, 2025",7:00p,Minnesota Timberwolves
"Fri, Mar 7, 2025",8:00p,Minnesota Timberwolves
"Wed, Mar 12, 2025",10:00p,Minnesota Timberwolves
"Mon, Mar 24, 2025",7:00p,Minnesota Timberwolves
"Sun, Mar 2, 2025",8:00p,New Orleans Pelicans
"Tue, Mar 4, 2025",10:30p,New Orleans Pelicans
"Sat, Mar 8, 2025",7:00p,New Orleans Pelicans
"Sat, Mar 15, 2025",8:30p,New Orleans Pelicans
"Wed, Mar 19, 2025",8:00p,New Orleans Pelicans
"Fri, Mar 21, 2025",8:00p,New Orleans Pelicans
"Sun, Mar 23, 2025",3:00p,New Orleans Pelicans
"Sun, Mar 2, 2025",6:00p,New York Knicks
"Thu, Mar 6, 2025",10:00p,New York Knicks
"Fri, Mar 7, 2025",10:30p,New York Knicks
"Mon, Mar 10, 2025",10:30p,New York Knicks
"Wed, Mar 12, 2025",10:00p,New York Knicks
"Sat, Mar 15, 2025",8:30p,New York Knicks
"Wed, Mar 19, 2025",8:00p,New York Knicks
"Thu, Mar 20, 2025",7:00p,New York Knicks
"Fri, Mar 28, 2025",8:00p,New York Knicks
"Sun, Mar 2, 2025",7:00p,Oklahoma City Thunder
"Wed, Mar 5, 2025",9:30p,Oklahoma City Thunder
"Wed, Mar 12, 2025",7:30p,Oklahoma City Thunder
"Sat, Mar 15, 2025",7:00p,Oklahoma City Thunder
"Sun, Mar 16, 2025",9:00p,Oklahoma City Thunder
"Sun, Mar 23, 2025",9:00p,Oklahoma City Thunder
"Tue, Mar 25, 2025",10:00p,Oklahoma City Thunder
"Sat, Mar 8, 2025",8:00p,Orlando Magic
"Mon, Mar 10, 2025",8:00p,Orlando Magic
"Thu, Mar 13, 2025",8:00p,Orlando Magic
"Fri, Mar 14, 2025",8:00p,Orlando Magic
"Sun, Mar 16, 2025",1:00p,Orlando Magic
"Fri, Mar 21, 2025",7:00p,Orlando Magic
"Tue, Mar 25, 2025",7:00p,Orlando Magic
"Tue, Mar 4, 2025",8:00p,Philadelphia 76ers
"Thu, Mar 6, 2025",7:30p,Philadelphia 76ers
"Mon, Mar 10, 2025",7:30p,Philadelphia 76ers
"Wed, Mar 12, 2025",7:30p,Philadelphia 76ers
"Sun, Mar 16, 2025",1:00p,Philadelphia 76ers
"Mon, Mar 17, 2025",8:00p,Philadelphia 76ers
"Wed, Mar 19, 2025",8:00p,Philadelphia 76ers
"Fri, Mar 21, 2025",8:00p,Philadelphia 76ers
"Sun, Mar 23, 2025",6:00p,Philadelphia 76ers
"Mon, Mar 24, 2025",8:00p,Philadelphia 76ers
"Fri, Mar 7, 2025",10:00p,Phoenix Suns
"Sun, Mar 9, 2025",3:30p,Phoenix Suns
"Mon, Mar 10, 2025",8:00p,Phoenix Suns
"Wed, Mar 12, 2025",8:00p,Phoenix Suns
"Sun, Mar 16, 2025",3:30p,Phoenix Suns
"Fri, Mar 28, 2025",8:00p,Phoenix Suns
"Sun, Mar 2, 2025",3:30p,Portland Trail Blazers
"Mon, Mar 3, 2025",7:00p,Portland Trail Blazers
"Wed, Mar 5, 2025",7:00p,Portland Trail Blazers
"Fri, Mar 7, 2025",8:00p,Portland Trail Blazers
"Mon, Mar 10, 2025",10:00p,Portland Trail Blazers
"Thu, Mar 27, 2025",10:00p,Portland Trail Blazers
"Sun, Mar 30, 2025",6:00p,Portland Trail Blazers
"Sat, Mar 1, 2025",8:00p,Sacramento Kings
"Mon, Mar 3, 2025",8:30p,Sacramento Kings
"Wed, Mar 5, 2025",9:00p,Sacramento Kings
"Sun, Mar 9, 2025",9:30p,Sacramento Kings
"Thu, Mar 13, 2025",10:00p,Sacramento Kings
"Fri, Mar 14, 2025",10:00p,Sacramento Kings
"Sat, Mar 29, 2025",5:00p,Sacramento Kings
"Mon, Mar 31, 2025",7:00p,Sacramento Kings
"Sat, Mar 1, 2025",8:00p,San Antonio Spurs
"Fri, Mar 7, 2025",10:00p,San Antonio Spurs
"Sun, Mar 9, 2025",8:00p,San Antonio Spurs
"Mon, Mar 17, 2025",10:30p,San Antonio Spurs
"Sun, Mar 23, 2025",6:00p,San Antonio Spurs
"Tue, Mar 25, 2025",7:00p,San Antonio Spurs
"Thu, Mar 27, 2025",7:00p,San Antonio Spurs
"Sun, Mar 2, 2025",6:00p,Toronto Raptors
"Tue, Mar 4, 2025",7:00p,Toronto Raptors
"Fri, Mar 14, 2025",9:30p,Toronto Raptors
"Sun, Mar 16, 2025",6:00p,Toronto Raptors
"Mon, Mar 17, 2025",10:00p,Toronto Raptors
"Thu, Mar 20, 2025",10:00p,Toronto Raptors
"Mon, Mar 24, 2025",7:00p,Toronto Raptors
"Wed, Mar 26, 2025",7:30p,Toronto Raptors
"Sun, Mar 30, 2025",7:30p,Toronto Raptors
"Wed, Mar 5, 2025",7:00p,Utah Jazz
"Fri, Mar 7, 2025",7:30p,Utah Jazz
"Sun, Mar 9, 2025",7:30p,Utah Jazz
"Mon, Mar 10, 2025",7:30p,Utah Jazz
"Wed, Mar 12, 2025",8:00p,Utah Jazz
"Sun, Mar 16, 2025",7:00p,Utah Jazz
"Fri, Mar 28, 2025",9:00p,Utah Jazz
"Mon, Mar 31, 2025",7:00p,Utah Jazz
"Sat, Mar 1, 2025",6:00p,Washington Wizards
"Mon, Mar 3, 2025",7:30p,Washington Wizards
"Sat, Mar 8, 2025",7:30p,Washington Wizards
"Mon, Mar 10, 2025",7:30p,Washington Wizards
"Tue, Mar 11, 2025",7:00p,Washington Wizards
"Thu, Mar 13, 2025",7:00p,Washington Wizards
"Sat, Mar 15, 2025",9:00p,Washington Wizards
"Mon, Mar 17, 2025",10:00p,Washington Wizards
"Wed, Mar 19, 2025",9:00p,Washington Wizards
"Sat, Mar 22, 2025",8:00p,Washington Wizards
"Wed, Mar 26, 2025",7:00p,Washington Wizards
"Tue, Apr 1, 2025",7:30p,Portland Trail Blazers
"Tue, Apr 1, 2025",7:30p,Phoenix Suns
"Tue, Apr 1, 2025",7:30p,Philadelphia 76ers
"Tue, Apr 1, 2025",8:00p,Toronto Raptors
"Tue, Apr 1, 2025",8:00p,Golden State Warriors
"Tue, Apr 1, 2025",8:00p,Orlando Magic
"Tue, Apr 1, 2025",10:00p,Minnesota Timberwolves
"Wed, Apr 2, 2025",7:00p,New York Knicks
"Wed, Apr 2, 2025",7:00p,Charlotte Hornets
"Wed, Apr 2, 2025",7:00p,Sacramento Kings
"Wed, Apr 2, 2025",7:30p,Miami Heat
"Wed, Apr 2, 2025",8:00p,Utah Jazz
"Wed, Apr 2, 2025",8:30p,Atlanta Hawks
"Wed, Apr 2, 2025",9:00p,San Antonio Spurs
"Wed, Apr 2, 2025",9:30p,Detroit Pistons
"Wed, Apr 2, 2025",10:30p,New Orleans Pelicans
"Thu, Apr 3, 2025",7:00p,Milwaukee Bucks
"Thu, Apr 3, 2025",7:00p,Orlando Magic
"Thu, Apr 3, 2025",7:30p,Minnesota Timberwolves
"Thu, Apr 3, 2025",7:30p,Memphis Grizzlies
"Thu, Apr 3, 2025",7:30p,Portland Trail Blazers
"Thu, Apr 3, 2025",10:00p,Golden State Warriors
"Fri, Apr 4, 2025",7:00p,Sacramento Kings
"Fri, Apr 4, 2025",7:00p,Utah Jazz
"Fri, Apr 4, 2025",7:30p,Phoenix Suns
"Fri, Apr 4, 2025",7:30p,Detroit Pistons
"Fri, Apr 4, 2025",8:00p,Portland Trail Blazers
"Fri, Apr 4, 2025",8:00p,Oklahoma City Thunder
"Fri, Apr 4, 2025",8:00p,Cleveland Cavaliers
"Fri, Apr 4, 2025",10:00p,Denver Nuggets
"Fri, Apr 4, 2025",10:30p,Dallas Mavericks
"Fri, Apr 4, 2025",10:30p,New Orleans Pelicans
"Sat, Apr 5, 2025",3:00p,New York Knicks
"Sat, Apr 5, 2025",7:00p,Memphis Grizzlies
"Sat, Apr 5, 2025",7:00p,Minnesota Timberwolves
"Sat, Apr 5, 2025",8:00p,Milwaukee Bucks
"Sat, Apr 5, 2025",10:30p,Dallas Mavericks
"Sun, Apr 6, 2025",1:00p,Chicago Bulls
"Sun, Apr 6, 2025",3:30p,Toronto Raptors
"Sun, Apr 6, 2025",3:30p,Los Angeles Lakers
"Sun, Apr 6, 2025",6:00p,Utah Jazz
"Sun, Apr 6, 2025",6:00p,Washington Wizards
"Sun, Apr 6, 2025",6:00p,Sacramento Kings
"Sun, Apr 6, 2025",6:00p,San Antonio Spurs
"Sun, Apr 6, 2025",7:00p,Phoenix Suns
"Sun, Apr 6, 2025",8:00p,Indiana Pacers
"Sun, Apr 6, 2025",8:30p,Houston Rockets
"Sun, Apr 6, 2025",8:30p,Milwaukee Bucks
"Mon, Apr 7, 2025",7:00p,Sacramento Kings
"Mon, Apr 7, 2025",7:30p,Philadelphia 76ers
"Tue, Apr 8, 2025",7:00p,Memphis Grizzlies
"Tue, Apr 8, 2025",7:00p,Chicago Bulls
"Tue, Apr 8, 2025",7:00p,Washington Wizards
"Tue, Apr 8, 2025",7:00p,Atlanta Hawks
"Tue, Apr 8, 2025",7:30p,New Orleans Pelicans
"Tue, Apr 8, 2025",7:30p,Boston Celtics
"Tue, Apr 8, 2025",8:00p,Minnesota Timberwolves
"Tue, Apr 8, 2025",8:00p,Los Angeles Lakers
"Tue, Apr 8, 2025",10:00p,Golden State Warriors
"Tue, Apr 8, 2025",10:30p,San Antonio Spurs
"Wed, Apr 9, 2025",7:00p,Boston Celtics
"Wed, Apr 9, 2025",7:00p,Philadelphia 76ers
"Wed, Apr 9, 2025",7:30p,Los Angeles Lakers
"Wed, Apr 9, 2025",7:30p,Charlotte Hornets
"Wed, Apr 9, 2025",8:00p,Miami Heat
"Wed, Apr 9, 2025",9:00p,Portland Trail Blazers
"Wed, Apr 9, 2025",10:00p,San Antonio Spurs
"Wed, Apr 9, 2025",10:00p,Oklahoma City Thunder
"Wed, Apr 9, 2025",10:00p,Denver Nuggets
"Wed, Apr 9, 2025",10:30p,Houston Rockets
"Thu, Apr 10, 2025",7:00p,New York Knicks
"Thu, Apr 10, 2025",7:00p,Cleveland Cavaliers
"Thu, Apr 10, 2025",7:30p,Atlanta Hawks
"Thu, Apr 10, 2025",8:00p,New Orleans Pelicans
"Thu, Apr 10, 2025",9:30p,Minnesota Timberwolves
"Fri, Apr 11, 2025",7:00p,Milwaukee Bucks
"Fri, Apr 11, 2025",7:00p,Orlando Magic
"Fri, Apr 11, 2025",7:00p,Atlanta Hawks
"Fri, Apr 11, 2025",7:30p,Charlotte Hornets
"Fri, Apr 11, 2025",7:30p,Cleveland Cavaliers
"Fri, Apr 11, 2025",8:00p,Washington Wizards
"Fri, Apr 11, 2025",8:00p,Miami Heat
"Fri, Apr 11, 2025",8:30p,Toronto Raptors
"Fri, Apr 11, 2025",9:00p,Memphis Grizzlies
"Fri, Apr 11, 2025",9:00p,Brooklyn Nets
"Fri, Apr 11, 2025",9:30p,Oklahoma City Thunder
"Fri, Apr 11, 2025",10:00p,San Antonio Spurs
"Fri, Apr 11, 2025",10:00p,Golden State Warriors
"Fri, Apr 11, 2025",10:00p,Los Angeles Clippers
"Fri, Apr 11, 2025",10:30p,Houston Rockets
"Sun, Apr 13, 2025",1:00p,Orlando Magic
"Sun, Apr 13, 2025",1:00p,Charlotte Hornets
"Sun, Apr 13, 2025",1:00p,New York Knicks
"Sun, Apr 13, 2025",1:00p,Indiana Pacers
"Sun, Apr 13, 2025",1:00p,Washington Wizards
"Sun, Apr 13, 2025",1:00p,Detroit Pistons
"Sun, Apr 13, 2025",1:00p,Chicago Bulls
"Sun, Apr 13, 2025",3:30p,Los Angeles Clippers
"Sun, Apr 13, 2025",3:30p,Denver Nuggets
"Sun, Apr 13, 2025",3:30p,Dallas Mavericks
"Sun, Apr 13, 2025",3:30p,Utah Jazz
"Sun, Apr 13, 2025",3:30p,Oklahoma City Thunder
"Sun, Apr 13, 2025",3:30p,Los Angeles Lakers
"Sun, Apr 13, 2025",3:30p,Phoenix Suns
"Sun, Apr 13, 2025",3:30p,Toronto Raptors
"Tue, Apr 15, 2025",7:30p,Atlanta Hawks
"Tue, Apr 15, 2025",10:00p,Memphis Grizzlies
"Wed, Apr 16, 2025",7:30p,Miami Heat
"Wed, Apr 16, 2025",10:00p,Dallas Mavericks
"Fri, Apr 18, 2025",7:00p,Miami Heat
"Fri, Apr 18, 2025",9:30p,Dallas Mavericks
"Sat, Apr 19, 2025",1:00p,Milwaukee Bucks
"Sat, Apr 19, 2025",3:30p,Los Angeles Clippers
"Sat, Apr 19, 2025",6:00p,Detroit Pistons
"Sat, Apr 19, 2025",8:30p,Minnesota Timberwolves
"Sun, Apr 20, 2025",1:00p,Memphis Grizzlies
"Sun, Apr 20, 2025",3:30p,Orlando Magic
"Sun, Apr 20, 2025",7:00p,Miami Heat
"Sun, Apr 20, 2025",9:30p,Golden State Warriors
"Mon, Apr 21, 2025",7:30p,Detroit Pistons
"Mon, Apr 21, 2025",10:00p,Los Angeles Clippers
"Tue, Apr 22, 2025",7:00p,Milwaukee Bucks
"Tue, Apr 22, 2025",7:30p,Memphis Grizzlies
"Tue, Apr 22, 2025",10:00p,Minnesota Timberwolves
"Wed, Apr 23, 2025",7:00p,Orlando Magic
"Wed, Apr 23, 2025",7:30p,Miami Heat
"Wed, Apr 23, 2025",9:30p,Golden State Warriors
"Thu, Apr 24, 2025",7:00p,New York Knicks
"Thu, Apr 24, 2025",9:30p,Oklahoma City Thunder
"Thu, Apr 24, 2025",10:00p,Denver Nuggets
"Fri, Apr 25, 2025",7:00p,Boston Celtics
"Fri, Apr 25, 2025",8:00p,Indiana Pacers
"Fri, Apr 25, 2025",9:30p,Los Angeles Lakers
"Sat, Apr 26, 2025",1:00p,Cleveland Cavaliers
"Sat, Apr 26, 2025",3:30p,Oklahoma City Thunder
"Sat, Apr 26, 2025",6:00p,Denver Nuggets
"Sat, Apr 26, 2025",8:30p,Houston Rockets
"Sun, Apr 27, 2025",1:00p,New York Knicks
"Sun, Apr 27, 2025",3:30p,Los Angeles Lakers
"Sun, Apr 27, 2025",7:00p,Boston Celtics
"Sun, Apr 27, 2025",9:30p,Indiana Pacers
"Mon, Apr 28, 2025",7:30p,Cleveland Cavaliers
"Mon, Apr 28, 2025",10:00p,Houston Rockets
"Tue, Apr 29, 2025",6:00p,Milwaukee Bucks
"Tue, Apr 29, 2025",7:30p,Detroit Pistons
"Tue, Apr 29, 2025",8:30p,Orlando Magic
"Tue, Apr 29, 2025",10:00p,Los Angeles Clippers
"Wed, Apr 30, 2025",7:30p,Golden State Warriors
"Wed, Apr 30, 2025",10:00p,Minnesota Timberwolves
"Thu, May 1, 2025",7:30p,New York Knicks
"Thu, May 1, 2025",10:00p,Denver Nuggets
"Fri, May 2, 2025",9:00p,Houston Rockets
"Sat, May 3, 2025",7:30p,Los Angeles Clippers
"Sun, May 4, 2025",6:00p,Indiana Pacers
"Sun, May 4, 2025",8:30p,Golden State Warriors
"Mon, May 5, 2025",7:00p,New York Knicks
"Mon, May 5, 2025",9:30p,Denver Nuggets
"Tue, May 6, 2025",7:00p,Indiana Pacers
"Tue, May 6, 2025",9:30p,Golden State Warriors
"Wed, May 7, 2025",7:00p,New York Knicks
"Wed, May 7, 2025",9:30p,Denver Nuggets
"Thu, May 8, 2025",8:30p,Golden State Warriors
"Fri, May 9, 2025",7:30p,Cleveland Cavaliers
"Fri, May 9, 2025",10:00p,Oklahoma City Thunder
"Sat, May 10, 2025",3:30p,Boston Celtics
"Sat, May 10, 2025",8:30p,Minnesota Timberwolves
"Sun, May 11, 2025",3:30p,Oklahoma City Thunder
"Sun, May 11, 2025",8:00p,Cleveland Cavaliers
"Mon, May 12, 2025",7:30p,Boston Celtics
"Mon, May 12, 2025",10:00p,Minnesota Timberwolves
"Tue, May 13, 2025",7:00p,Indiana Pacers
"Tue, May 13, 2025",9:30p,Denver Nuggets
"Wed, May 14, 2025",7:00p,New York Knicks
"Wed, May 14, 2025",9:30p,Golden State Warriors
"Thu, May 15, 2025",8:30p,Oklahoma City Thunder
"Fri, May 16, 2025",8:00p,Boston Celtics
"Sun, May 18, 2025",3:30p,Denver Nuggets
"Tue, May 20, 2025",8:30p,Minnesota Timberwolves
"Wed, May 21, 2025",8:00p,Indiana Pacers
"Thu, May 22, 2025",8:30p,Minnesota Timberwolves
"Fri, May 23, 2025",8:00p,Indiana Pacers
"Sat, May 24, 2025",8:30p,Oklahoma City Thunder
"Sun, May 25, 2025",8:00p,New York Knicks
"Mon, May 26, 2025",8:30p,Oklahoma City Thunder
"Tue, May 27, 2025",8:00p,New York Knicks
"Wed, May 28, 2025",8:30p,Minnesota Timberwolves
"Thu, May 29, 2025",8:00p,Indiana Pacers
"Sat, May 31, 2025",8:00p,New York Knicks
"Thu, Jun 5, 2025",8:30p,Indiana Pacers
"Sun, Jun 8, 2025",8:00p,Indiana Pacers
"Wed, Jun 11, 2025",8:30p,Oklahoma City Thunder
"Fri, Jun 13, 2025",8:30p,Oklahoma City Thunder
"Mon, Jun 16, 2025",8:30p,Indiana Pacers
"Thu, Jun 19, 2025",8:30p,Oklahoma City Thunder
"Sun, Jun 22, 2025",8:00p,Indiana Pacers
